run_id,archive_member,source_sha256,nominal_displacement_mm,frequency_hz,cycle,observed_amplitude_mm,gain_kn_per_mm,phase_deg,loop_area_j,maximum_branch_gap_kn
01,Data.v1.0.0/02_SMAWD/01_8wires_sin20mm_0p1Hz.csv,66b81c39927a9a301ea59e6b41e046d3a138dd49fe074adbef3dee001e02c378,20.0,0.1,1,20.037736,1.2985920023138438,5.816342291416873,167.44183529621665,5.918220397478313
01,Data.v1.0.0/02_SMAWD/01_8wires_sin20mm_0p1Hz.csv,66b81c39927a9a301ea59e6b41e046d3a138dd49fe074adbef3dee001e02c378,20.0,0.1,2,20.045606499999998,1.2743994290728207,4.995335027177816,139.74074422109658,4.812128052974483
01,Data.v1.0.0/02_SMAWD/01_8wires_sin20mm_0p1Hz.csv,66b81c39927a9a301ea59e6b41e046d3a138dd49fe074adbef3dee001e02c378,20.0,0.1,3,20.045652500000003,1.268357299184257,4.838817142839986,134.8063732485644,4.650668907946878
01,Data.v1.0.0/02_SMAWD/01_8wires_sin20mm_0p1Hz.csv,66b81c39927a9a301ea59e6b41e046d3a138dd49fe074adbef3dee001e02c378,20.0,0.1,4,20.044397500000002,1.26529057571347,4.7313040144127,131.44867364804807,4.545948626941398
01,Data.v1.0.0/02_SMAWD/01_8wires_sin20mm_0p1Hz.csv,66b81c39927a9a301ea59e6b41e046d3a138dd49fe074adbef3dee001e02c378,20.0,0.1,5,20.04407,1.2632563790841624,4.669989420796213,129.54107734724482,4.534232187186369
01,Data.v1.0.0/02_SMAWD/01_8wires_sin20mm_0p1Hz.csv,66b81c39927a9a301ea59e6b41e046d3a138dd49fe074adbef3dee001e02c378,20.0,0.1,6,20.045454,1.2611244049259194,4.620754283902215,128.02290559620957,4.401727137082483
01,Data.v1.0.0/02_SMAWD/01_8wires_sin20mm_0p1Hz.csv,66b81c39927a9a301ea59e6b41e046d3a138dd49fe074adbef3dee001e02c378,20.0,0.1,7,20.04782,1.2601163329104508,4.5713299259388975,126.47262636776145,4.367689351406417
01,Data.v1.0.0/02_SMAWD/01_8wires_sin20mm_0p1Hz.csv,66b81c39927a9a301ea59e6b41e046d3a138dd49fe074adbef3dee001e02c378,20.0,0.1,8,20.042309,1.259623641221142,4.532369577328211,125.4126318758378,4.36579470586619
01,Data.v1.0.0/02_SMAWD/01_8wires_sin20mm_0p1Hz.csv,66b81c39927a9a301ea59e6b41e046d3a138dd49fe074adbef3dee001e02c378,20.0,0.1,9,20.0465315,1.2587323280187466,4.503713403283427,124.556690619314,4.416131670036519
01,Data.v1.0.0/02_SMAWD/01_8wires_sin20mm_0p1Hz.csv,66b81c39927a9a301ea59e6b41e046d3a138dd49fe074adbef3dee001e02c378,20.0,0.1,10,20.0463825,1.2584199788922674,4.358807527627022,124.28890666440313,4.341228365511903
02,Data.v1.0.0/02_SMAWD/02_8wires_sin20mm_0p5Hz.csv,8534371a1a8e91eeaf74da0b2d5d269e09ef8d62daf14bf79576e1987cd860fd,20.0,0.5,1,20.006946499999998,1.388538208955595,4.7081532700162825,152.93577353655513,5.157715650345203
02,Data.v1.0.0/02_SMAWD/02_8wires_sin20mm_0p5Hz.csv,8534371a1a8e91eeaf74da0b2d5d269e09ef8d62daf14bf79576e1987cd860fd,20.0,0.5,2,20.0154455,1.3791788596088073,4.637176365076925,140.4129881560382,4.638051806865601
02,Data.v1.0.0/02_SMAWD/02_8wires_sin20mm_0p5Hz.csv,8534371a1a8e91eeaf74da0b2d5d269e09ef8d62daf14bf79576e1987cd860fd,20.0,0.5,3,20.0190905,1.3786006815181344,4.572582521604261,138.43260436305428,4.654125275586366
02,Data.v1.0.0/02_SMAWD/02_8wires_sin20mm_0p5Hz.csv,8534371a1a8e91eeaf74da0b2d5d269e09ef8d62daf14bf79576e1987cd860fd,20.0,0.5,4,20.019993,1.3801968633988657,4.52567906494815,137.17621354782256,4.45696318164575
02,Data.v1.0.0/02_SMAWD/02_8wires_sin20mm_0p5Hz.csv,8534371a1a8e91eeaf74da0b2d5d269e09ef8d62daf14bf79576e1987cd860fd,20.0,0.5,5,20.021373,1.3825282521896614,4.491035763496512,136.39463412904044,4.502971839281985
02,Data.v1.0.0/02_SMAWD/02_8wires_sin20mm_0p5Hz.csv,8534371a1a8e91eeaf74da0b2d5d269e09ef8d62daf14bf79576e1987cd860fd,20.0,0.5,6,20.014125,1.3852602647348362,4.450026310755476,135.40854051878068,4.539727827731619
02,Data.v1.0.0/02_SMAWD/02_8wires_sin20mm_0p5Hz.csv,8534371a1a8e91eeaf74da0b2d5d269e09ef8d62daf14bf79576e1987cd860fd,20.0,0.5,7,20.019999,1.38831763837345,4.424370081821138,134.94708405101602,4.597657293718318
02,Data.v1.0.0/02_SMAWD/02_8wires_sin20mm_0p5Hz.csv,8534371a1a8e91eeaf74da0b2d5d269e09ef8d62daf14bf79576e1987cd860fd,20.0,0.5,8,20.017798499999998,1.391210951510572,4.396460007186192,134.39781557178517,4.580304181524085
02,Data.v1.0.0/02_SMAWD/02_8wires_sin20mm_0p5Hz.csv,8534371a1a8e91eeaf74da0b2d5d269e09ef8d62daf14bf79576e1987cd860fd,20.0,0.5,9,20.0225225,1.394277755976438,4.370245299467484,133.86549943245296,4.431907591580535
02,Data.v1.0.0/02_SMAWD/02_8wires_sin20mm_0p5Hz.csv,8534371a1a8e91eeaf74da0b2d5d269e09ef8d62daf14bf79576e1987cd860fd,20.0,0.5,10,20.019830499999998,1.4050078450660521,4.6488123327019935,132.62969434453316,4.358536980424699
03,Data.v1.0.0/02_SMAWD/03_8wires_sin20mm_1p0Hz.csv,fb5a18f4ed1be7015d990614942affa253ce797e1f501defd58e89a16dd537ed,20.0,1.0,2,20.003352999999997,1.41056658597261,4.674383479303401,145.79415367813237,4.9732165571959435
03,Data.v1.0.0/02_SMAWD/03_8wires_sin20mm_1p0Hz.csv,fb5a18f4ed1be7015d990614942affa253ce797e1f501defd58e89a16dd537ed,20.0,1.0,3,20.004254,1.409195369093459,4.601111600777529,143.27077770992491,5.025845591305287
03,Data.v1.0.0/02_SMAWD/03_8wires_sin20mm_1p0Hz.csv,fb5a18f4ed1be7015d990614942affa253ce797e1f501defd58e89a16dd537ed,20.0,1.0,4,20.0037555,1.4111524314159496,4.538293583853232,141.7654274439906,4.817838079088229
03,Data.v1.0.0/02_SMAWD/03_8wires_sin20mm_1p0Hz.csv,fb5a18f4ed1be7015d990614942affa253ce797e1f501defd58e89a16dd537ed,20.0,1.0,5,20.009401,1.4139557621205021,4.503159623844823,140.8662724491216,5.211878828222692
03,Data.v1.0.0/02_SMAWD/03_8wires_sin20mm_1p0Hz.csv,fb5a18f4ed1be7015d990614942affa253ce797e1f501defd58e89a16dd537ed,20.0,1.0,6,20.0033305,1.4170590258852258,4.465614513320048,139.95728071515492,4.7024491504047035
03,Data.v1.0.0/02_SMAWD/03_8wires_sin20mm_1p0Hz.csv,fb5a18f4ed1be7015d990614942affa253ce797e1f501defd58e89a16dd537ed,20.0,1.0,7,20.004506,1.4205699644966723,4.436537969457561,139.3644488904534,5.169206063938336
03,Data.v1.0.0/02_SMAWD/03_8wires_sin20mm_1p0Hz.csv,fb5a18f4ed1be7015d990614942affa253ce797e1f501defd58e89a16dd537ed,20.0,1.0,8,19.9987775,1.4240695604855729,4.409291698252986,138.95391150028448,4.894619622576067
03,Data.v1.0.0/02_SMAWD/03_8wires_sin20mm_1p0Hz.csv,fb5a18f4ed1be7015d990614942affa253ce797e1f501defd58e89a16dd537ed,20.0,1.0,9,20.003479,1.42711337872638,4.380922627473723,138.331687218004,4.912314839579777
04,Data.v1.0.0/02_SMAWD/04_8wires_sin40mm_0p1Hz.csv,5679bbdf4585f9dd92b1c0b2aa461da103718055fff262c5c39422c5a68d924a,40.0,0.1,1,40.0689565,0.8996878469588111,8.650377122421332,703.8896705900992,13.305620030081158
04,Data.v1.0.0/02_SMAWD/04_8wires_sin40mm_0p1Hz.csv,5679bbdf4585f9dd92b1c0b2aa461da103718055fff262c5c39422c5a68d924a,40.0,0.1,2,40.0723535,0.8545821320644567,6.9371412212801715,520.323932615787,9.653919036320259
04,Data.v1.0.0/02_SMAWD/04_8wires_sin40mm_0p1Hz.csv,5679bbdf4585f9dd92b1c0b2aa461da103718055fff262c5c39422c5a68d924a,40.0,0.1,3,40.072241000000005,0.8336585584014767,5.913983031137775,433.18077524310104,8.076008135211888
04,Data.v1.0.0/02_SMAWD/04_8wires_sin40mm_0p1Hz.csv,5679bbdf4585f9dd92b1c0b2aa461da103718055fff262c5c39422c5a68d924a,40.0,0.1,4,40.07267,0.8212290801657185,5.3912881100753225,389.10950192113836,7.473315819970717
04,Data.v1.0.0/02_SMAWD/04_8wires_sin40mm_0p1Hz.csv,5679bbdf4585f9dd92b1c0b2aa461da103718055fff262c5c39422c5a68d924a,40.0,0.1,5,40.07795350000001,0.8126486842568954,5.077597021766309,362.6965643178454,7.109656946226838
04,Data.v1.0.0/02_SMAWD/04_8wires_sin40mm_0p1Hz.csv,5679bbdf4585f9dd92b1c0b2aa461da103718055fff262c5c39422c5a68d924a,40.0,0.1,6,40.0746555,0.8060356033874512,4.868361709931179,344.96915330163534,6.769977318659045
04,Data.v1.0.0/02_SMAWD/04_8wires_sin40mm_0p1Hz.csv,5679bbdf4585f9dd92b1c0b2aa461da103718055fff262c5c39422c5a68d924a,40.0,0.1,7,40.075348,0.8008545396588604,4.71212854372061,331.86644385747286,6.600793714815763
04,Data.v1.0.0/02_SMAWD/04_8wires_sin40mm_0p1Hz.csv,5679bbdf4585f9dd92b1c0b2aa461da103718055fff262c5c39422c5a68d924a,40.0,0.1,8,40.070139,0.7963725313556744,4.600164809360052,322.14297880863086,6.384085302141806
04,Data.v1.0.0/02_SMAWD/04_8wires_sin40mm_0p1Hz.csv,5679bbdf4585f9dd92b1c0b2aa461da103718055fff262c5c39422c5a68d924a,40.0,0.1,9,40.0739915,0.7923732714858956,4.507351646066468,314.0652191621436,6.270857403886474
04,Data.v1.0.0/02_SMAWD/04_8wires_sin40mm_0p1Hz.csv,5679bbdf4585f9dd92b1c0b2aa461da103718055fff262c5c39422c5a68d924a,40.0,0.1,10,40.0725365,0.7886134689846999,4.184701722219415,307.7360973516643,6.097515945686222
05,Data.v1.0.0/02_SMAWD/05_8wires_sin40mm_0p5Hz.csv,84f9df9677edc5370d5a921cf779cd4eebe868ec7d65b9b00db347556088ca9a,40.0,0.5,1,40.035734,0.8464084691756247,6.511082273875246,524.4903891999086,8.856765917703058
05,Data.v1.0.0/02_SMAWD/05_8wires_sin40mm_0p5Hz.csv,84f9df9677edc5370d5a921cf779cd4eebe868ec7d65b9b00db347556088ca9a,40.0,0.5,2,40.054405,0.8353687077965576,5.753569390363197,422.27504810354253,7.193149589794835
05,Data.v1.0.0/02_SMAWD/05_8wires_sin40mm_0p5Hz.csv,84f9df9677edc5370d5a921cf779cd4eebe868ec7d65b9b00db347556088ca9a,40.0,0.5,3,40.0499595,0.8316866790474605,5.179017318958927,377.83984636610694,6.588253679785325
05,Data.v1.0.0/02_SMAWD/05_8wires_sin40mm_0p5Hz.csv,84f9df9677edc5370d5a921cf779cd4eebe868ec7d65b9b00db347556088ca9a,40.0,0.5,4,40.0565895,0.8316530523092522,4.875870235101132,355.49640638007304,6.51209148205942
05,Data.v1.0.0/02_SMAWD/05_8wires_sin40mm_0p5Hz.csv,84f9df9677edc5370d5a921cf779cd4eebe868ec7d65b9b00db347556088ca9a,40.0,0.5,5,40.045849000000004,0.8333406755068234,4.7123146545992824,344.0970268599348,6.335314676918948
05,Data.v1.0.0/02_SMAWD/05_8wires_sin40mm_0p5Hz.csv,84f9df9677edc5370d5a921cf779cd4eebe868ec7d65b9b00db347556088ca9a,40.0,0.5,6,40.0460015,0.8354574402940209,4.580637071139506,335.08108535148585,6.10898045929265
05,Data.v1.0.0/02_SMAWD/05_8wires_sin40mm_0p5Hz.csv,84f9df9677edc5370d5a921cf779cd4eebe868ec7d65b9b00db347556088ca9a,40.0,0.5,7,40.046167499999996,0.8375144243516259,4.486087766648154,328.8885169338496,6.061450530395531
05,Data.v1.0.0/02_SMAWD/05_8wires_sin40mm_0p5Hz.csv,84f9df9677edc5370d5a921cf779cd4eebe868ec7d65b9b00db347556088ca9a,40.0,0.5,8,40.048975,0.8397312561097241,4.417018325330048,324.519190578172,6.029992074267319
05,Data.v1.0.0/02_SMAWD/05_8wires_sin40mm_0p5Hz.csv,84f9df9677edc5370d5a921cf779cd4eebe868ec7d65b9b00db347556088ca9a,40.0,0.5,9,40.051193,0.8422176856971606,4.352902908227065,320.5997092615313,6.350442524126363
05,Data.v1.0.0/02_SMAWD/05_8wires_sin40mm_0p5Hz.csv,84f9df9677edc5370d5a921cf779cd4eebe868ec7d65b9b00db347556088ca9a,40.0,0.5,10,40.053287499999996,0.8429256116501244,4.405346469183684,317.4760938084288,5.962583853501
06,Data.v1.0.0/02_SMAWD/06_8wires_sin40mm_1p0Hz.csv,6278de78bace57dca28aed5dd9e1912d6494aa2da1accf1ba7350d186d3e3b0d,40.0,1.0,2,40.0694825,0.8729953973703272,5.648223086977254,431.14889701553227,7.7352156619328944
06,Data.v1.0.0/02_SMAWD/06_8wires_sin40mm_1p0Hz.csv,6278de78bace57dca28aed5dd9e1912d6494aa2da1accf1ba7350d186d3e3b0d,40.0,1.0,3,40.05683500000001,0.8731527254985739,5.28412436383735,402.63725501144415,7.377754359818532
06,Data.v1.0.0/02_SMAWD/06_8wires_sin40mm_1p0Hz.csv,6278de78bace57dca28aed5dd9e1912d6494aa2da1accf1ba7350d186d3e3b0d,40.0,1.0,4,40.054577,0.876331166589285,5.109201484770097,390.44335436511824,8.013132024058017
06,Data.v1.0.0/02_SMAWD/06_8wires_sin40mm_1p0Hz.csv,6278de78bace57dca28aed5dd9e1912d6494aa2da1accf1ba7350d186d3e3b0d,40.0,1.0,5,40.037771,0.8803476112363606,5.004849354878473,383.5450178748208,7.517492859086529
06,Data.v1.0.0/02_SMAWD/06_8wires_sin40mm_1p0Hz.csv,6278de78bace57dca28aed5dd9e1912d6494aa2da1accf1ba7350d186d3e3b0d,40.0,1.0,6,40.052589499999996,0.8844611917160606,4.919778732699427,378.76874698805443,7.295775627848583
06,Data.v1.0.0/02_SMAWD/06_8wires_sin40mm_1p0Hz.csv,6278de78bace57dca28aed5dd9e1912d6494aa2da1accf1ba7350d186d3e3b0d,40.0,1.0,7,40.0541935,0.8885988928374804,4.872007554614839,376.4843518886545,7.218057580943093
06,Data.v1.0.0/02_SMAWD/06_8wires_sin40mm_1p0Hz.csv,6278de78bace57dca28aed5dd9e1912d6494aa2da1accf1ba7350d186d3e3b0d,40.0,1.0,8,40.064114000000004,0.8926587998849911,4.81293416548732,373.17220859527833,7.443060151662104
06,Data.v1.0.0/02_SMAWD/06_8wires_sin40mm_1p0Hz.csv,6278de78bace57dca28aed5dd9e1912d6494aa2da1accf1ba7350d186d3e3b0d,40.0,1.0,9,40.057914499999995,0.8968207894136841,4.793917432241017,372.76996735617024,7.600981311947881
