CASE,INSTRUCTION_PRESENT,ENVIRONMENT_PRESENT,AUTHORITY_PRESENT,EXECUTION_ATTEMPTED,EXECUTION_ATTESTED,RESULT_PRESENT,TRACE_PRESENT,MODEL_CONCLUSION
0,NO,NO,NO,NO,NO,NO,NO,NO_PRECONDITIONS_NO_EVENT
1,YES,NO,NO,NO,NO,NO,NO,INSTRUCTION_ALONE_NOT_SUFFICIENT
2,NO,YES,NO,NO,NO,NO,NO,ENVIRONMENT_ALONE_NOT_SUFFICIENT
3,NO,NO,YES,NO,NO,NO,NO,AUTHORITY_ALONE_NOT_SUFFICIENT
4,YES,YES,NO,NO,NO,NO,NO,AUTHORITY_OR_SATISFIED_RULE_MISSING
5,YES,NO,YES,NO,NO,NO,NO,COMPATIBLE_ENVIRONMENT_MISSING
6,NO,YES,YES,NO,NO,NO,NO,INSTRUCTION_MISSING
7,YES,YES,YES,YES,NO,NO,YES,PRECONDITIONS_AND_ATTEMPT_WITHOUT_EVENT_ENTRY
8,YES,YES,YES,YES,YES,YES,YES,ATTESTED_EXECUTION_EVENT_WITH_SUCCESS_RESULT
